<?xml version="1.0" encoding="utf-8"?>
<!DOCTYPE hibernate-configuration PUBLIC
"-//Hibernate/Hibernate Configuration DTD 3.0//EN"
"http://hibernate.sourceforge.net/hibernate-configuration-3.0.dtd">
<hibernate-configuration>
	<session-factory>
<!--		<property name="hibernate.connection.driver_class">org.h2.Driver</property>-->
<!--		<property name="hibernate.connection.url">jdbc:h2:mem:test</property>-->
<!--		<property name="hibernate.connection.username">sa</property>-->
<!--		<property name="hibernate.connection.password"></property>-->
<!--		<property name="hibernate.dialect">org.hibernate.dialect.H2Dialect</property>-->
<!--		<property name="show_sql">true</property>-->
<!--		<property name="hbm2ddl.auto">create-drop</property>-->
<!--		<property name="hibernate.current_session_context_class">thread</property>-->

		<property name="connection.driver_class">com.mysql.cj.jdbc.Driver</property>
		<property name="connection.url">jdbc:mysql://localhost/HibernateDemo</property>
		<property name="dialect">org.hibernate.dialect.MySQL8Dialect</property>
		<property name="connection.username">root</property>
		<property name="connection.password">password</property>
		<property name="connection.pool_size">3</property>
		<property name="current_session_context_class">thread</property>
		<property name="show_sql">true</property>
		<property name="format_sql">true</property>
		<property name="hbm2ddl.auto">update</property>
		
		<mapping class="com.howtodoinjava.hibernate.test.dto.EmployeeEntity" />
	</session-factory>
</hibernate-configuration>